method,mae
global_mean_loocv,0.15154581933557298
range_k2,0.08333809075451312
range_k3,0.06156059680451128
range_k4,0.04237216576597745
range_k5,0.034743833743011376
quantile_k2,0.08817451454144147
quantile_k3,0.05596238327674025
quantile_k4,0.03988638530615076
quantile_k5,0.03749136895062734
