mean,std,min,max,n
0.3141776315789474,0.18176360047011458,0.0572916666666666,0.7630208333333334,95
